ref,title,price,ship,est_packed_lb,label_weight_to_pick,suggested_box_in
027,"Brizo Vettis 24"" Towel Bar, Luxe Nickel - New (692488-NK)",165,Yes,3,4 lb,30x6x4
028,"Brizo Sotria Wall-Mount Bath Faucet Trim, Luxe Nickel - New",380,Yes,3,4 lb,14x12x5
029,"Delta Stryke Bathroom Faucet Body, Champagne Bronze - New",245,Yes,6,7 lb,16x12x6
030,"Delta Dryden Double Robe Hook, Chrome - New (75135)",15,Bundle only (under $40),1,2 lb,8x6x4
031,"Delta Dorval 24"" Towel Bar, Stainless - New (75624-SS)",100,Yes,3,4 lb,30x6x4
032,"Delta Ara Toilet Tank Lever, Chrome - New (77560)",15,Bundle only (under $40),1,2 lb,8x6x4
033,"Delta Linden 24"" Towel Bar, Venetian Bronze - New (79424-RB)",30,Bundle only (under $40),3,4 lb,30x6x4
034,"Delta Dorval Cross Handle Kit, Stainless - New (H562SS)",45,Yes,1,2 lb,8x6x4
035,"Ebbe 4"" Square Bubbles Shower Drain Grate, Oil-Rubbed Bronze - New",100,Yes,1,2 lb,8x6x4
036,"Isenberg/Flusso Round Wall Elbow, Chrome - New (100.5502CP)",15,Bundle only (under $40),1,2 lb,8x6x4
037,"Isenberg/Flusso Round Shower Slide Bar, Chrome - New",115,Yes,4,5 lb,34x6x4
038,"Isenberg/Flusso Wall-Mount Tub Spout, Brushed Nickel - New (196.2300BN)",105,Yes,2.5,3 lb,12x8x4
039,"Isenberg/Flusso Wall-Mount Tub Spout, Chrome - New (196.2300CP)",105,Yes,2.5,3 lb,12x8x4
040,"Isenberg/Flusso 8"" Widespread Bathroom Faucet, Brushed Nickel - New",210,Yes,6,7 lb,16x12x6
041,"Isenberg/Flusso Roman Tub Faucet w/ Hand Shower, Brushed Nickel - New",295,Yes,8,9 lb,20x14x6
042,Isenberg/Flusso Pressure-Balance Rough Valve w/ Stops - New,115,Yes,5,6 lb,12x10x8
043,Isenberg/Flusso Pressure-Balance Valve w/ 2-Way Diverter - New,115,Yes,5,6 lb,12x10x8
044,"Isenberg/Flusso 2-Output Shower Trim, Chrome - New (UF.2100TCP)",140,Yes,3,4 lb,14x12x5
045,Graff Replacement Cartridge V2038.32.5Z - New,5,Bundle only (under $40),1,2 lb,6x4x4
046,Graff Replacement Cartridge V-2038.31.5Z - New,5,Bundle only (under $40),1,2 lb,6x4x4
047,"Jaclo 3/4"" x 1/2"" Reducing Coupling, Satin Nickel - New (16321-3412-SN)",35,Bundle only (under $40),1,2 lb,6x4x4
048,"Jaclo 60"" Double-Spiral Shower Hose, Graphite - New (3060-DS-GPH)",30,Bundle only (under $40),1.5,2 lb,10x8x4
049,"Jaclo 60"" Tile-In Shower Channel Grate, Brushed Stainless - New",100,No - local pickup only,,—,LOCAL ONLY - too long
050,"Jaclo 48"" Ceiling Shower Nipple, Matte Black - New (801-12.48-MBK)",165,No - local pickup only,,—,LOCAL ONLY - too long
051,"Jaclo 48"" Linear Shower Drain Body, Brushed Stainless - New (87248-BSS)",180,No - local pickup only,,—,LOCAL ONLY - too long
052,"Jaclo 24"" Zeroedge Linear Shower Drain Body, Brushed Stainless - New",135,Yes,6,7 lb,28x8x6
053,"Jaclo Uptown Contempo Bathroom Faucet, Satin Nickel - New (8880-L-SN)",325,Yes,6,7 lb,16x12x6
054,"Jaclo 24"" Slim Shower Wall Bar, Graphite - New (9624-GPH)",320,Yes,3,4 lb,30x6x4
055,"Jaclo Round Pressure-Balance Shower Trim w/ Diverter, Chrome - New",130,Yes,3,4 lb,14x12x5
056,"Jaclo Round Pressure-Balance Shower Trim w/ Diverter, Satin Nickel - New",180,Yes,3,4 lb,14x12x5
057,"Jaclo Contempo II 32"" Grab Bar, Polished Chrome - New (G40-32-PCH)",245,Yes,4,5 lb,38x6x4
058,"Jaclo Diva Hand Shower, Graphite - New (S456-GPH)",105,Yes,2,3 lb,12x8x4
059,"Kohler Devonshire Tub Spout, Oil-Rubbed Bronze - New (373-2BZ)",25,Bundle only (under $40),2.5,3 lb,12x8x4
060,"Kohler Memoirs Stately Volume Control Trim, Brushed Nickel - New",100,Yes,3,4 lb,14x12x5
061,"Moen 1.75 GPM Rain Showerhead, Chrome - New (S6310EP)",120,Yes,2.5,3 lb,12x10x5
062,"Moen Wynford Posi-Temp Shower Trim, Chrome - New (T4502)",105,Yes,3,4 lb,14x12x5
063,"Moen Wynford Roman Tub Faucet Trim, Oil-Rubbed Bronze - New (T653ORB)",310,Yes,7,8 lb,20x14x6
064,"Moen Wynford Roman Tub Faucet Trim, Brushed Nickel - New (T653BN)",290,Yes,7,8 lb,20x14x6
065,"Moen Weymouth Roman Tub Faucet w/ Hand Shower, Brushed Nickel - New",1455,No - local pickup only,9,10 lb,22x16x6
066,"Moen Wynford M-CORE Shower Trim, Oil-Rubbed Bronze - New (UT24502EPORB)",265,Yes,3,4 lb,14x12x5
067,"Moen Wynford M-CORE Tub & Shower Trim, Chrome - New (UT24503EP)",195,Yes,5,6 lb,16x12x6
068,"Moen Wynford M-CORE Tub & Shower Trim, Oil-Rubbed Bronze - New",265,Yes,5,6 lb,16x12x6
069,"Moen Wynford M-CORE 3-Series Shower Trim, Chrome - New (UT35502)",200,Yes,3,4 lb,14x12x5
070,"MTI Incline 2 Undermount Bathroom Sink, Matte White - New",540,No - local pickup only,,—,LOCAL ONLY - heavy ceramic
071,"Newport Brass Joffrey Toilet Paper Holder, Polished Nickel - New",120,Yes,1.5,2 lb,8x6x4
072,Pfister Freestanding Tub Filler Rough Valve w/ Stops - New (0X6-270R),95,Yes,5,6 lb,12x10x8
073,"Pfister Deckard Toilet Paper Holder, Polished Chrome - New (BPHDA1C)",35,Bundle only (under $40),1,2 lb,8x6x4
074,"Phylrich 1/2"" Mini Thermostatic Valve for Wall Bidet - New (1-124)",185,Yes,5,6 lb,12x10x8
075,"Phylrich Single-Handle Bathroom Faucet, French Brass - New",200,Yes,6,7 lb,16x12x6
076,Phylrich Push-Pull Manual Diverter Part - New (DPB2100X21C),55,Yes,1,2 lb,6x4x4
077,"QM Drain Delmar Kai 48"" Linear Shower Drain, Gold - New",400,No - local pickup only,,—,LOCAL ONLY - too long
078,"Riobel 2-Spray Hand Shower Kit w/ Slide Bar, Black - New (4825BK)",215,Yes,4,5 lb,34x6x4
079,"Riobel Salome/Equinox Supply Elbow, Black - New (772BK)",40,Yes,1,2 lb,8x6x4
080,"Riobel Paradox Widespread Bathroom Faucet, Brushed Gold - New (PX08BG)",400,Yes,6,7 lb,16x12x6
081,Riobel R46 Thermostatic/Pressure-Balance Rough Valve - New,165,Yes,5,6 lb,12x10x8
082,"Riobel Salome Single-Hole Bathroom Faucet, Chrome - New (SA01C)",335,Yes,6,7 lb,16x12x6
084,"Riobel Riu Valve Trim Kit, Chrome - New (TRUTM44KNC)",230,Yes,3,4 lb,14x12x5
085,"Robern PL Portray 24x30 Medicine Cabinet, Beveled Mirror - New",300,No - local pickup only,,—,LOCAL ONLY - glass
086,"Robern PL Series 19.25x30 Medicine Cabinet, Black Interior - New",175,No - local pickup only,,—,LOCAL ONLY - glass
087,"Rohl Double Robe Hook, Satin Nickel - New (A1481IWSTN)",140,Yes,1,2 lb,8x6x4
088,"Rohl Campo Pressure-Balance Shower Trim, Chrome - New",110,Yes,3,4 lb,14x12x5
089,"Rohl Campo Pressure-Balance Shower Trim, Satin Nickel - New",200,Yes,3,4 lb,14x12x5
090,"Rohl Meda Pressure-Balance Shower Trim, Chrome - New (LV110L-APC)",250,Yes,3,4 lb,14x12x5
091,"Rohl Meda Pressure-Balance Shower Trim, Satin Nickel - New",300,Yes,3,4 lb,14x12x5
092,"Rohl 1983 Bar/Prep Faucet, Satin Nickel - New (R7514SLMSTN-2)",499,Yes,7,8 lb,22x12x6
093,"Rohl Graceline Pull-Down Kitchen Faucet, Satin Nickel - New",499,Yes,9,10 lb,24x14x6
094,"Rohl Myrina Pull-Down Kitchen Faucet, Matte Black - New (MY56D1LMMB)",435,Yes,9,10 lb,24x14x6
095,"Rohl Myrina Bar/Prep Faucet, Polished Chrome - New (MY61D1LMAPC)",270,Yes,7,8 lb,22x12x6
096,"Rohl Myrina Bar/Prep Faucet, Matte Black - New (MY61D1LMMB)",420,Yes,7,8 lb,22x12x6
097,"Rohl Myrina Bar/Prep Faucet, Satin Nickel - New (MY61D1LMSTN)",420,Yes,7,8 lb,22x12x6
098,"Rohl 1983 Bar/Prep Faucet, Polished Chrome - New (R7514SLMAPC-2)",395,Yes,7,8 lb,22x12x6
099,"Rohl Graceline Pull-Down Kitchen Faucet, Polished Chrome - New",185,Yes,9,10 lb,24x14x6
100,"Rohl Lux Pull-Down Kitchen Faucet, Polished Nickel - New (R7520PN)",499,Yes,9,10 lb,24x14x6
101,"Rohl Baltera Multifunction Showerhead, Satin Nickel - New (WI0197STN)",155,Yes,2.5,3 lb,12x10x5
102,"Rohl Baltera Multifunction Showerhead, Polished Chrome - New",90,Yes,2.5,3 lb,12x10x5
118,"Delta Trillian Roman Tub Trim w/ Hand Shower, Black Stainless - New",440,Yes,7,8 lb,20x14x6
